Région d'origine;Essence;Lien URL fiche Tropix;Année de publication
Afrique;ABURA;https://tropix.cirad.fr/FichiersComplementaires/FR/Afrique/ABURA%202023.pdf;2023
Afrique;ACAJOU CAILCÉDRAT;https://tropix.cirad.fr/FichiersComplementaires/FR/Afrique/ACAJOU%20CAILC%C3%89DRAT%202023.pdf;2023
Afrique;ACAJOU D'AFRIQUE;https://tropix.cirad.fr/FichiersComplementaires/FR/Afrique/ACAJOU%20D%27AFRIQUE%202023.pdf;2023
Afrique;AFRORMOSIA;https://tropix.cirad.fr/FichiersComplementaires/FR/Afrique/AFRORMOSIA%202023.pdf;2023
Afrique;AIÉLÉ;https://tropix.cirad.fr/FichiersComplementaires/FR/Afrique/AI%C3%89L%C3%89%202023.pdf;2023
Afrique;AKO;https://tropix.cirad.fr/FichiersComplementaires/FR/Afrique/AKO%202023.pdf;2023
Afrique;AKOSSIKA;https://tropix.cirad.fr/FichiersComplementaires/FR/Afrique/AKOSSIKA%202023.pdf;2023
Afrique;ALEP;https://tropix.cirad.fr/FichiersComplementaires/FR/Afrique/ALEP%202023.pdf;2023
Afrique;ALUMBI;https://tropix.cirad.fr/FichiersComplementaires/FR/Afrique/ALUMBI%202023.pdf;2023
Afrique;ANANTA;https://tropix.cirad.fr/FichiersComplementaires/FR/Afrique/ANANTA%202024.pdf;2024
Afrique;ANDOK;https://tropix.cirad.fr/FichiersComplementaires/FR/Afrique/ANDOK%202023.pdf;2023
Afrique;ANDOUNG;https://tropix.cirad.fr/FichiersComplementaires/FR/Afrique/ANDOUNG%202023.pdf;2023
Afrique;ANGOA;https://tropix.cirad.fr/FichiersComplementaires/FR/Afrique/ANGOA%202023.pdf;2023
Afrique;ANGUEUK;https://tropix.cirad.fr/FichiersComplementaires/FR/Afrique/ANGUEUK%202023.pdf;2023
Afrique;ANIÉGRÉ;https://tropix.cirad.fr/FichiersComplementaires/FR/Afrique/ANI%C3%89GR%C3%89%202023.pdf;2023
Afrique;ANZÈM NTÉNÉ;https://tropix.cirad.fr/FichiersComplementaires/FR/Afrique/ANZ%C3%88M%20NT%C3%89N%C3%89%202023.pdf;2023
Afrique;AVODIRÉ;https://tropix.cirad.fr/FichiersComplementaires/FR/Afrique/AVODIR%C3%89%202023.pdf;2023
Afrique;AWOURA;https://tropix.cirad.fr/FichiersComplementaires/FR/Afrique/AWOURA%202024.pdf;2024
Afrique;AYOUS;https://tropix.cirad.fr/FichiersComplementaires/FR/Afrique/AYOUS%202023.pdf;2023
Afrique;AZOBÉ;https://tropix.cirad.fr/FichiersComplementaires/FR/Afrique/AZOB%C3%89%202023.pdf;2023
Afrique;BILINGA;https://tropix.cirad.fr/FichiersComplementaires/FR/Afrique/BILINGA%202023.pdf;2023
Afrique;BODIOA;https://tropix.cirad.fr/FichiersComplementaires/FR/Afrique/BODIOA%202023.pdf;2023
Afrique;BOMANGA;https://tropix.cirad.fr/FichiersComplementaires/FR/Afrique/BOMANGA%202023.pdf;2023
Afrique;BOSSÉ CLAIR;https://tropix.cirad.fr/FichiersComplementaires/FR/Afrique/BOSS%C3%89%20CLAIR%202023.pdf;2023
Afrique;BOSSÉ FONCÉ;https://tropix.cirad.fr/FichiersComplementaires/FR/Afrique/BOSS%C3%89%20FONC%C3%89%202023.pdf;2023
Afrique;BUBINGA;https://tropix.cirad.fr/FichiersComplementaires/FR/Afrique/BUBINGA%202023.pdf;2023
Afrique;BÉTÉ;https://tropix.cirad.fr/FichiersComplementaires/FR/Afrique/B%C3%89T%C3%89%202023.pdf;2023
Afrique;COCOTIER;https://tropix.cirad.fr/FichiersComplementaires/FR/Afrique/COCOTIER%202023.pdf;2023
Afrique;CONGOTALI;https://tropix.cirad.fr/FichiersComplementaires/FR/Afrique/CONGOTALI%202023.pdf;2023
Afrique;CORDIA D'AFRIQUE;https://tropix.cirad.fr/FichiersComplementaires/FR/Afrique/CORDIA%20D%27AFRIQUE%202023.pdf;2023
Afrique;COULA;https://tropix.cirad.fr/FichiersComplementaires/FR/Afrique/COULA%202023.pdf;2023
Afrique;DABÉMA;https://tropix.cirad.fr/FichiersComplementaires/FR/Afrique/DAB%C3%89MA%202024.pdf;2024
Afrique;DIANIA;https://tropix.cirad.fr/FichiersComplementaires/FR/Afrique/DIANIA%202023.pdf;2023
Afrique;DIBÉTOU;https://tropix.cirad.fr/FichiersComplementaires/FR/Afrique/DIB%C3%89TOU%202023.pdf;2023
Afrique;DIFOU;https://tropix.cirad.fr/FichiersComplementaires/FR/Afrique/DIFOU%202023.pdf;2023
Afrique;DOUKA;https://tropix.cirad.fr/FichiersComplementaires/FR/Afrique/DOUKA%202023.pdf;2023
Afrique;DOUSSIÉ;https://tropix.cirad.fr/FichiersComplementaires/FR/Afrique/DOUSSI%C3%89%202023.pdf;2023
Afrique;EBIARA;https://tropix.cirad.fr/FichiersComplementaires/FR/Afrique/EBIARA%202023.pdf;2023
Afrique;EBÈNE D'AFRIQUE;https://tropix.cirad.fr/FichiersComplementaires/FR/Afrique/EB%C3%88NE%20D%27AFRIQUE%202023.pdf;2023
Afrique;EKABA;https://tropix.cirad.fr/FichiersComplementaires/FR/Afrique/EKABA%202023.pdf;2023
Afrique;EKOUNE;https://tropix.cirad.fr/FichiersComplementaires/FR/Afrique/EKOUNE%202023.pdf;2023
Afrique;EMIEN;https://tropix.cirad.fr/FichiersComplementaires/FR/Afrique/EMIEN%202023.pdf;2023
Afrique;ESSESSANG;https://tropix.cirad.fr/FichiersComplementaires/FR/Afrique/ESSESSANG%202023.pdf;2023
Afrique;ESSIA;https://tropix.cirad.fr/FichiersComplementaires/FR/Afrique/ESSIA%202023.pdf;2023
Afrique;ETIMOÉ;https://tropix.cirad.fr/FichiersComplementaires/FR/Afrique/ETIMO%C3%89%202023.pdf;2023
Afrique;EVEUSS;https://tropix.cirad.fr/FichiersComplementaires/FR/Afrique/EVEUSS%202023.pdf;2023
Afrique;EYONG;https://tropix.cirad.fr/FichiersComplementaires/FR/Afrique/EYONG%202023.pdf;2023
Afrique;EYOUM;https://tropix.cirad.fr/FichiersComplementaires/FR/Afrique/EYOUM%202023.pdf;2023
Afrique;FARO;https://tropix.cirad.fr/FichiersComplementaires/FR/Afrique/FARO%202023.pdf;2023
Afrique;FRAMIRÉ;https://tropix.cirad.fr/FichiersComplementaires/FR/Afrique/FRAMIR%C3%89%202023.pdf;2023
Afrique;FUMA ou FROMAGER;https://tropix.cirad.fr/FichiersComplementaires/FR/Afrique/FUMA%20ou%20FROMAGER%202023.pdf;2023
Afrique;GHÉOMBI;https://tropix.cirad.fr/FichiersComplementaires/FR/Afrique/GH%C3%89OMBI%202024.pdf;2024
Afrique;GOMBÉ ROUGE;https://tropix.cirad.fr/FichiersComplementaires/FR/Afrique/GOMB%C3%89%20ROUGE%202024.pdf;2024
Afrique;GOMBÉ TOWÉ;https://tropix.cirad.fr/FichiersComplementaires/FR/Afrique/GOMB%C3%89%20TOW%C3%89%202024.pdf;2024
Afrique;GRENADILLO GRENADILLE D'AFRIQUE;https://tropix.cirad.fr/FichiersComplementaires/FR/Afrique/GRENADILLO%20GRENADILLE%20D%27AFRIQUE%202023.pdf;2023
Afrique;IATANDZA;https://tropix.cirad.fr/FichiersComplementaires/FR/Afrique/IATANDZA%202023.pdf;2023
Afrique;IDÉWA;https://tropix.cirad.fr/FichiersComplementaires/FR/Afrique/ID%C3%89WA%202023.pdf;2023
Afrique;IGAGANGA;https://tropix.cirad.fr/FichiersComplementaires/FR/Afrique/IGAGANGA%202024.pdf;2024
Afrique;ILOMBA;https://tropix.cirad.fr/FichiersComplementaires/FR/Afrique/ILOMBA%202023.pdf;2023
Afrique;IROKO;https://tropix.cirad.fr/FichiersComplementaires/FR/Afrique/IROKO%202023.pdf;2023
Afrique;IZOMBÉ;https://tropix.cirad.fr/FichiersComplementaires/FR/Afrique/IZOMB%C3%89%202023.pdf;2023
Afrique;KANDA BRUN;https://tropix.cirad.fr/FichiersComplementaires/FR/Afrique/KANDA%20BRUN%202023.pdf;2023
Afrique;KANDA ROSE;https://tropix.cirad.fr/FichiersComplementaires/FR/Afrique/KANDA%20ROSE%202023.pdf;2023
Afrique;KAPOKIER;https://tropix.cirad.fr/FichiersComplementaires/FR/Afrique/KAPOKIER%202023.pdf;2023
Afrique;KONDROTI;https://tropix.cirad.fr/FichiersComplementaires/FR/Afrique/KONDROTI%202023.pdf;2023
Afrique;KOSIPO;https://tropix.cirad.fr/FichiersComplementaires/FR/Afrique/KOSIPO%202023.pdf;2023
Afrique;KOTIBÉ;https://tropix.cirad.fr/FichiersComplementaires/FR/Afrique/KOTIB%C3%89%202023.pdf;2023
Afrique;KOTO;https://tropix.cirad.fr/FichiersComplementaires/FR/Afrique/KOTO%202023.pdf;2023
Afrique;KUMBI;https://tropix.cirad.fr/FichiersComplementaires/FR/Afrique/KUMBI%202023.pdf;2023
Afrique;KÉKÉLÉ;https://tropix.cirad.fr/FichiersComplementaires/FR/Afrique/K%C3%89K%C3%89L%C3%89%202023.pdf;2023
Afrique;LANDA;https://tropix.cirad.fr/FichiersComplementaires/FR/Afrique/LANDA%202023.pdf;2023
Afrique;LATI;https://tropix.cirad.fr/FichiersComplementaires/FR/Afrique/LATI%202023.pdf;2023
Afrique;LIMBA;https://tropix.cirad.fr/FichiersComplementaires/FR/Afrique/LIMBA%202023.pdf;2023
Afrique;LIMBALI;https://tropix.cirad.fr/FichiersComplementaires/FR/Afrique/LIMBALI%202023.pdf;2023
Afrique;LONGHI;https://tropix.cirad.fr/FichiersComplementaires/FR/Afrique/LONGHI%202023.pdf;2023
Afrique;LOTOFA;https://tropix.cirad.fr/FichiersComplementaires/FR/Afrique/LOTOFA%202023.pdf;2023
Afrique;MAKORÉ;https://tropix.cirad.fr/FichiersComplementaires/FR/Afrique/MAKOR%C3%89%202023.pdf;2023
Afrique;MAMBODÉ;https://tropix.cirad.fr/FichiersComplementaires/FR/Afrique/MAMBOD%C3%89%202023.pdf;2023
Afrique;MECRUSSÉ;https://tropix.cirad.fr/FichiersComplementaires/FR/Afrique/MECRUSS%C3%89%202023.pdf;2023
Afrique;MOABI;https://tropix.cirad.fr/FichiersComplementaires/FR/Afrique/MOABI%202024.pdf;2024
Afrique;MONGHINZA;https://tropix.cirad.fr/FichiersComplementaires/FR/Afrique/MONGHINZA%202023.pdf;2023
Afrique;MOVINGUI;https://tropix.cirad.fr/FichiersComplementaires/FR/Afrique/MOVINGUI%202023.pdf;2023
Afrique;MUBALA;https://tropix.cirad.fr/FichiersComplementaires/FR/Afrique/MUBALA%202023.pdf;2023
Afrique;MUHUHU;https://tropix.cirad.fr/FichiersComplementaires/FR/Afrique/MUHUHU%202023.pdf;2023
Afrique;MUKULUNGU;https://tropix.cirad.fr/FichiersComplementaires/FR/Afrique/MUKULUNGU%202023.pdf;2023
Afrique;MUSIZI;https://tropix.cirad.fr/FichiersComplementaires/FR/Afrique/MUSIZI%202023.pdf;2023
Afrique;MUTÉNYÉ;https://tropix.cirad.fr/FichiersComplementaires/FR/Afrique/MUT%C3%89NY%C3%89%202023.pdf;2023
Afrique;NAGA;https://tropix.cirad.fr/FichiersComplementaires/FR/Afrique/NAGA%202023.pdf;2023
Afrique;NIANGON;https://tropix.cirad.fr/FichiersComplementaires/FR/Afrique/NIANGON%202023.pdf;2023
Afrique;NIEUK;https://tropix.cirad.fr/FichiersComplementaires/FR/Afrique/NIEUK%202023.pdf;2023
Afrique;NIOVÉ;https://tropix.cirad.fr/FichiersComplementaires/FR/Afrique/NIOV%C3%89%202023.pdf;2023
Afrique;OBOTO;https://tropix.cirad.fr/FichiersComplementaires/FR/Afrique/OBOTO%202023.pdf;2023
Afrique;OHIA;https://tropix.cirad.fr/FichiersComplementaires/FR/Afrique/OHIA%202023.pdf;2023
Afrique;OKAN;https://tropix.cirad.fr/FichiersComplementaires/FR/Afrique/OKAN%202023.pdf;2023
Afrique;OKOUMÉ;https://tropix.cirad.fr/FichiersComplementaires/FR/Afrique/OKOUM%C3%89%202024.pdf;2024
Afrique;OLON;https://tropix.cirad.fr/FichiersComplementaires/FR/Afrique/OLON%202023.pdf;2023
Afrique;OLÈNE;https://tropix.cirad.fr/FichiersComplementaires/FR/Afrique/OL%C3%88NE%202023.pdf;2023
Afrique;ONZABILI;https://tropix.cirad.fr/FichiersComplementaires/FR/Afrique/ONZABILI%202023.pdf;2023
Afrique;OSANGA;https://tropix.cirad.fr/FichiersComplementaires/FR/Afrique/OSANGA%202023.pdf;2023
Afrique;OSSABEL;https://tropix.cirad.fr/FichiersComplementaires/FR/Afrique/OSSABEL%202023.pdf;2023
Afrique;OSSIMIALE;https://tropix.cirad.fr/FichiersComplementaires/FR/Afrique/OSSIMIALE%202023.pdf;2023
Afrique;OSSOKO;https://tropix.cirad.fr/FichiersComplementaires/FR/Afrique/OSSOKO%202023.pdf;2023
Afrique;OVENGKOL;https://tropix.cirad.fr/FichiersComplementaires/FR/Afrique/OVENGKOL%202023.pdf;2023
Afrique;OVOGA;https://tropix.cirad.fr/FichiersComplementaires/FR/Afrique/OVOGA%202023.pdf;2023
Afrique;OWUI;https://tropix.cirad.fr/FichiersComplementaires/FR/Afrique/OWUI%202023.pdf;2023
Afrique;OZIGO;https://tropix.cirad.fr/FichiersComplementaires/FR/Afrique/OZIGO%202023.pdf;2023
Afrique;OZOUGA;https://tropix.cirad.fr/FichiersComplementaires/FR/Afrique/OZOUGA%202023.pdf;2023
Afrique;PADOUK D'AFRIQUE;https://tropix.cirad.fr/FichiersComplementaires/FR/Afrique/PADOUK%20D%27AFRIQUE%202023.pdf;2023
Afrique;PAO ROSA;https://tropix.cirad.fr/FichiersComplementaires/FR/Afrique/PAO%20ROSA%202023.pdf;2023
Afrique;SAFUKALA;https://tropix.cirad.fr/FichiersComplementaires/FR/Afrique/SAFUKALA%202023.pdf;2023
Afrique;SAPELLI;https://tropix.cirad.fr/FichiersComplementaires/FR/Afrique/SAPELLI%202024.pdf;2024
Afrique;SIPO;https://tropix.cirad.fr/FichiersComplementaires/FR/Afrique/SIPO%202023.pdf;2023
Afrique;SOUGUÉ;https://tropix.cirad.fr/FichiersComplementaires/FR/Afrique/SOUGU%C3%89%202023.pdf;2023
Afrique;TALI;https://tropix.cirad.fr/FichiersComplementaires/FR/Afrique/TALI%202024.pdf;2024
Afrique;TCHITOLA;https://tropix.cirad.fr/FichiersComplementaires/FR/Afrique/TCHITOLA%202023.pdf;2023
Afrique;TECK;https://tropix.cirad.fr/FichiersComplementaires/FR/Afrique/TECK%202023.pdf;2023
Afrique;TIAMA;https://tropix.cirad.fr/FichiersComplementaires/FR/Afrique/TIAMA%202023.pdf;2023
Afrique;TOLA;https://tropix.cirad.fr/FichiersComplementaires/FR/Afrique/TOLA%202023.pdf;2023
Afrique;VÉSÁMBATA;https://tropix.cirad.fr/FichiersComplementaires/FR/Afrique/V%C3%89S%C3%81MBATA%202023.pdf;2023
Afrique;VÊNE;https://tropix.cirad.fr/FichiersComplementaires/FR/Afrique/V%C3%8ANE%202023.pdf;2023
Afrique;WAMBA;https://tropix.cirad.fr/FichiersComplementaires/FR/Afrique/WAMBA%202023.pdf;2023
Afrique;WENGÉ;https://tropix.cirad.fr/FichiersComplementaires/FR/Afrique/WENG%C3%89%202023.pdf;2023
Afrique;ZINGANA;https://tropix.cirad.fr/FichiersComplementaires/FR/Afrique/ZINGANA%202023.pdf;2023
Amérique Centrale et du Sud;ABARCO;https://tropix.cirad.fr/FichiersComplementaires/FR/Amerique/ABARCO%202024.pdf;2024
Amérique Centrale et du Sud;ABIURANA VERMELHA;https://tropix.cirad.fr/FichiersComplementaires/FR/Amerique/ABIURANA%20VERMELHA%202024.pdf;2024
Amérique Centrale et du Sud;AIEOUEKO;https://tropix.cirad.fr/FichiersComplementaires/FR/Amerique/AIEOUEKO%202024.pdf;2024
Amérique Centrale et du Sud;AMESCLÀO;https://tropix.cirad.fr/FichiersComplementaires/FR/Amerique/AMESCL%C3%80O%202024.pdf;2024
Amérique Centrale et du Sud;ANDIRA;https://tropix.cirad.fr/FichiersComplementaires/FR/Amerique/ANDIRA%202024.pdf;2024
Amérique Centrale et du Sud;ANDIROBA;https://tropix.cirad.fr/FichiersComplementaires/FR/Amerique/ANDIROBA%202024.pdf;2024
Amérique Centrale et du Sud;ANGELIM;https://tropix.cirad.fr/FichiersComplementaires/FR/Amerique/ANGELIM%202024.pdf;2024
Amérique Centrale et du Sud;ANGELIM RAJADO;https://tropix.cirad.fr/FichiersComplementaires/FR/Amerique/ANGELIM%20RAJADO%202024.pdf;2024
Amérique Centrale et du Sud;ANGELIM VERMELHO;https://tropix.cirad.fr/FichiersComplementaires/FR/Amerique/ANGELIM%20VERMELHO%202024.pdf;2024
Amérique Centrale et du Sud;ARARACANGA;https://tropix.cirad.fr/FichiersComplementaires/FR/Amerique/ARARACANGA%202024.pdf;2024
Amérique Centrale et du Sud;AÇACU;https://tropix.cirad.fr/FichiersComplementaires/FR/Amerique/A%C3%87ACU%202024.pdf;2024
Amérique Centrale et du Sud;BACURI;https://tropix.cirad.fr/FichiersComplementaires/FR/Amerique/BACURI%202024.pdf;2024
Amérique Centrale et du Sud;BALSA;https://tropix.cirad.fr/FichiersComplementaires/FR/Amerique/BALSA%202024.pdf;2024
Amérique Centrale et du Sud;BALSAMO;https://tropix.cirad.fr/FichiersComplementaires/FR/Amerique/BALSAMO%202023.pdf;2023
Amérique Centrale et du Sud;BASRALOCUS;https://tropix.cirad.fr/FichiersComplementaires/FR/Amerique/BASRALOCUS%202024.pdf;2024
Amérique Centrale et du Sud;BATIBATRA;https://tropix.cirad.fr/FichiersComplementaires/FR/Amerique/BATIBATRA%202024.pdf;2024
Amérique Centrale et du Sud;CAMBARA;https://tropix.cirad.fr/FichiersComplementaires/FR/Amerique/CAMBARA%202024.pdf;2024
Amérique Centrale et du Sud;CARDEIRO;https://tropix.cirad.fr/FichiersComplementaires/FR/Amerique/CARDEIRO%202024.pdf;2024
Amérique Centrale et du Sud;CASTANHEIRO;https://tropix.cirad.fr/FichiersComplementaires/FR/Amerique/CASTANHEIRO%202024.pdf;2024
Amérique Centrale et du Sud;CATUCAÉM LOURO FAIA;https://tropix.cirad.fr/FichiersComplementaires/FR/Amerique/CATUCA%C3%89M%20LOURO%20FAIA%202024.pdf;2024
Amérique Centrale et du Sud;CEDRO;https://tropix.cirad.fr/FichiersComplementaires/FR/Amerique/CEDRO%202024.pdf;2024
Amérique Centrale et du Sud;CEREJEIRA;https://tropix.cirad.fr/FichiersComplementaires/FR/Amerique/CEREJEIRA%202024.pdf;2024
Amérique Centrale et du Sud;CHICHA;https://tropix.cirad.fr/FichiersComplementaires/FR/Amerique/CHICHA%202024.pdf;2024
Amérique Centrale et du Sud;COCOTIER;https://tropix.cirad.fr/FichiersComplementaires/FR/Amerique/COCOTIER%202023.pdf;2023
Amérique Centrale et du Sud;COPAIBA;https://tropix.cirad.fr/FichiersComplementaires/FR/Amerique/COPAIBA%202024.pdf;2024
Amérique Centrale et du Sud;CORAÇAO DE NEGRO PANACOCO;https://tropix.cirad.fr/FichiersComplementaires/FR/Amerique/CORA%C3%87AO%20DE%20NEGRO%20PANACOCO%202024.pdf;2024
Amérique Centrale et du Sud;COUROUPITA;https://tropix.cirad.fr/FichiersComplementaires/FR/Amerique/COUROUPITA%202024.pdf;2024
Amérique Centrale et du Sud;CUMARU;https://tropix.cirad.fr/FichiersComplementaires/FR/Amerique/CUMARU%202023.pdf;2023
Amérique Centrale et du Sud;CUPIUBA;https://tropix.cirad.fr/FichiersComplementaires/FR/Amerique/CUPIUBA%202024.pdf;2024
Amérique Centrale et du Sud;CURUPIXA;https://tropix.cirad.fr/FichiersComplementaires/FR/Amerique/CURUPIXA%202024.pdf;2024
Amérique Centrale et du Sud;DUKALI AMAPA;https://tropix.cirad.fr/FichiersComplementaires/FR/Amerique/DUKALI%20AMAPA%202024.pdf;2024
Amérique Centrale et du Sud;FAVEIRA;https://tropix.cirad.fr/FichiersComplementaires/FR/Amerique/FAVEIRA%202024.pdf;2024
Amérique Centrale et du Sud;FAVEIRA AMARGOSA;https://tropix.cirad.fr/FichiersComplementaires/FR/Amerique/FAVEIRA%20AMARGOSA%202024.pdf;2024
Amérique Centrale et du Sud;FREIJO;https://tropix.cirad.fr/FichiersComplementaires/FR/Amerique/FREIJO%202024.pdf;2024
Amérique Centrale et du Sud;GARAPA;https://tropix.cirad.fr/FichiersComplementaires/FR/Amerique/GARAPA%202023.pdf;2023
Amérique Centrale et du Sud;GOIABAO;https://tropix.cirad.fr/FichiersComplementaires/FR/Amerique/GOIABAO%202024.pdf;2024
Amérique Centrale et du Sud;GOMMIER;https://tropix.cirad.fr/FichiersComplementaires/FR/Amerique/GOMMIER%202024.pdf;2024
Amérique Centrale et du Sud;GREENHEART;https://tropix.cirad.fr/FichiersComplementaires/FR/Amerique/GREENHEART%202024.pdf;2024
Amérique Centrale et du Sud;GUARIUBA;https://tropix.cirad.fr/FichiersComplementaires/FR/Amerique/GUARIUBA%202024.pdf;2024
Amérique Centrale et du Sud;GUATAMBU;https://tropix.cirad.fr/FichiersComplementaires/FR/Amerique/GUATAMBU%2020204.pdf;N/A
Amérique Centrale et du Sud;HÉVÉA;https://tropix.cirad.fr/FichiersComplementaires/FR/Amerique/H%C3%89V%C3%89A%202024.pdf;2024
Amérique Centrale et du Sud;IMBUIA;https://tropix.cirad.fr/FichiersComplementaires/FR/Amerique/IMBUIA%202024.pdf;2024
Amérique Centrale et du Sud;INGA;https://tropix.cirad.fr/FichiersComplementaires/FR/Amerique/INGA%202024.pdf;2024
Amérique Centrale et du Sud;IPÊ;https://tropix.cirad.fr/FichiersComplementaires/FR/Amerique/IP%C3%8A%202024.pdf;2024
Amérique Centrale et du Sud;ITAÚBA;https://tropix.cirad.fr/FichiersComplementaires/FR/Amerique/ITA%C3%9ABA%202024.pdf;2024
Amérique Centrale et du Sud;JACAREUBA;https://tropix.cirad.fr/FichiersComplementaires/FR/Amerique/JACAREUBA%202024.pdf;2024
Amérique Centrale et du Sud;JATOBA;https://tropix.cirad.fr/FichiersComplementaires/FR/Amerique/JATOBA%202024.pdf;2024
Amérique Centrale et du Sud;JEQUITIBA;https://tropix.cirad.fr/FichiersComplementaires/FR/Amerique/JEQUITIBA%202024.pdf;2024
Amérique Centrale et du Sud;KUROKAÏ ou BREU;https://tropix.cirad.fr/FichiersComplementaires/FR/Amerique/KUROKA%C3%8F%20ou%20BREU%202024%20.pdf;2024
Amérique Centrale et du Sud;LOURO BRANCO;https://tropix.cirad.fr/FichiersComplementaires/FR/Amerique/LOURO%20BRANCO%202024.pdf;2024
Amérique Centrale et du Sud;LOURO VERMELHO;https://tropix.cirad.fr/FichiersComplementaires/FR/Amerique/LOURO%20VERMELHO%202024.pdf;2024
Amérique Centrale et du Sud;MACACAUBA;https://tropix.cirad.fr/FichiersComplementaires/FR/Amerique/MACACAUBA%202024.pdf;2024
Amérique Centrale et du Sud;MACUCU DE PACA;https://tropix.cirad.fr/FichiersComplementaires/FR/Amerique/MACUCU%20DE%20PACA%202024.pdf;2024
Amérique Centrale et du Sud;MAHOGANY;https://tropix.cirad.fr/FichiersComplementaires/FR/Amerique/MAHOGANY%202023.pdf;2023
Amérique Centrale et du Sud;MANCHICHE;https://tropix.cirad.fr/FichiersComplementaires/FR/Amerique/MANCHICHE%202023.pdf;2023
Amérique Centrale et du Sud;MANDIOQUEIRA;https://tropix.cirad.fr/FichiersComplementaires/FR/Amerique/MANDIOQUEIRA%202024.pdf;2024
Amérique Centrale et du Sud;MANIL;https://tropix.cirad.fr/FichiersComplementaires/FR/Amerique/MANIL%202024.pdf;2024
Amérique Centrale et du Sud;MANNIBALLI MANIL MONTAGNE;https://tropix.cirad.fr/FichiersComplementaires/FR/Amerique/MANNIBALLI%20MANIL%20MONTAGNE%202024.pdf;2024
Amérique Centrale et du Sud;MARUPA;https://tropix.cirad.fr/FichiersComplementaires/FR/Amerique/MARUPA%202024.pdf;2024
Amérique Centrale et du Sud;MAÇARANDUBA;https://tropix.cirad.fr/FichiersComplementaires/FR/Amerique/MA%C3%87ARANDUBA%202024.pdf;2024
Amérique Centrale et du Sud;MELANCIEIRA;https://tropix.cirad.fr/FichiersComplementaires/FR/Amerique/MELANCIEIRA%202024.pdf;2024
Amérique Centrale et du Sud;MORA;https://tropix.cirad.fr/FichiersComplementaires/FR/Amerique/MORA%202024.pdf;2024
Amérique Centrale et du Sud;MORAL;https://tropix.cirad.fr/FichiersComplementaires/FR/Amerique/MORAL%202024.pdf;2024
Amérique Centrale et du Sud;MOROTOTO;https://tropix.cirad.fr/FichiersComplementaires/FR/Amerique/MOROTOTO%202024.pdf;2024
Amérique Centrale et du Sud;MUIRACATIARA;https://tropix.cirad.fr/FichiersComplementaires/FR/Amerique/MUIRACATIARA%202024.pdf;2024
Amérique Centrale et du Sud;MUIRAPIRANGA;https://tropix.cirad.fr/FichiersComplementaires/FR/Amerique/MUIRAPIRANGA%202024.pdf;2024
Amérique Centrale et du Sud;MUIRATINGA;https://tropix.cirad.fr/FichiersComplementaires/FR/Amerique/MUIRATINGA%202024.pdf;2024
Amérique Centrale et du Sud;NOGAL;https://tropix.cirad.fr/FichiersComplementaires/FR/Amerique/NOGAL%202024.pdf;2024
Amérique Centrale et du Sud;PARA-PARA;https://tropix.cirad.fr/FichiersComplementaires/FR/Amerique/PARA-PARA%202024.pdf;2024
Amérique Centrale et du Sud;PASHACO PARICÁ;https://tropix.cirad.fr/FichiersComplementaires/FR/Amerique/PASHACO%20PARIC%C3%81%202024.pdf;2024
Amérique Centrale et du Sud;PAU AMARELO;https://tropix.cirad.fr/FichiersComplementaires/FR/Amerique/PAU%20AMARELO%202024.pdf;2024
Amérique Centrale et du Sud;PAU MULATO;https://tropix.cirad.fr/FichiersComplementaires/FR/Amerique/PAU%20MULATO%202024.pdf;2024
Amérique Centrale et du Sud;PAU ROXO;https://tropix.cirad.fr/FichiersComplementaires/FR/Amerique/PAU%20ROXO%202024.pdf;2024
Amérique Centrale et du Sud;PIN DE PARANA;https://tropix.cirad.fr/FichiersComplementaires/FR/Amerique/PIN%20DE%20PARANA%202024.pdf;2024
Amérique Centrale et du Sud;PIN DES CARAÏBES;https://tropix.cirad.fr/FichiersComplementaires/FR/Amerique/PIN%20DES%20CARA%C3%8FBES%202024.pdf;2024
Amérique Centrale et du Sud;PINUS PATULA;https://tropix.cirad.fr/FichiersComplementaires/FR/Amerique/PINUS%20PATULA%202024.pdf;2024
Amérique Centrale et du Sud;PIQUIA;https://tropix.cirad.fr/FichiersComplementaires/FR/Amerique/PIQUIA%202024.pdf;2024
Amérique Centrale et du Sud;PIQUIARANA;https://tropix.cirad.fr/FichiersComplementaires/FR/Amerique/PIQUIARANA%202024.pdf;2024
Amérique Centrale et du Sud;PRECIOSA;https://tropix.cirad.fr/FichiersComplementaires/FR/Amerique/PRECIOSA%202024.pdf;2024
Amérique Centrale et du Sud;PUCTÉ;https://tropix.cirad.fr/FichiersComplementaires/FR/Amerique/PUCT%C3%89%202023.pdf;2023
Amérique Centrale et du Sud;QUARUBA;https://tropix.cirad.fr/FichiersComplementaires/FR/Amerique/QUARUBA%202024.pdf;2024
Amérique Centrale et du Sud;RED GRANDIS;https://tropix.cirad.fr/FichiersComplementaires/FR/Amerique/RED%20GRANDIS%202023.pdf;2023
Amérique Centrale et du Sud;ROSEWOOD PARA;https://tropix.cirad.fr/FichiersComplementaires/FR/Amerique/ROSEWOOD%20PARA%202024.pdf;2024
Amérique Centrale et du Sud;SANDÉ;https://tropix.cirad.fr/FichiersComplementaires/FR/Amerique/SAND%C3%89%202024.pdf;2024
Amérique Centrale et du Sud;SAPUCAIA;https://tropix.cirad.fr/FichiersComplementaires/FR/Amerique/SAPUCAIA%202024.pdf;2024
Amérique Centrale et du Sud;SUCUPIRA PRETA;https://tropix.cirad.fr/FichiersComplementaires/FR/Amerique/SUCUPIRA%20PRETA%202024.pdf;2024
Amérique Centrale et du Sud;SUMAUMA;https://tropix.cirad.fr/FichiersComplementaires/FR/Amerique/SUMAUMA%202024.pdf;2024
Amérique Centrale et du Sud;TACHI;https://tropix.cirad.fr/FichiersComplementaires/FR/Amerique/TACHI%202024.pdf;2024
Amérique Centrale et du Sud;TAMARINDO - GROÇAI-ROSA;https://tropix.cirad.fr/FichiersComplementaires/FR/Amerique/TAMARINDO%20-%20GRO%C3%87AI-ROSA%202023.pdf;2023
Amérique Centrale et du Sud;TAMBORIL;https://tropix.cirad.fr/FichiersComplementaires/FR/Amerique/TAMBORIL%202024.pdf;2024
Amérique Centrale et du Sud;TANIMBUCA;https://tropix.cirad.fr/FichiersComplementaires/FR/Amerique/TANIMBUCA%202024.pdf;2024
Amérique Centrale et du Sud;TATAJUBA;https://tropix.cirad.fr/FichiersComplementaires/FR/Amerique/TATAJUBA%202024.pdf;2024
Amérique Centrale et du Sud;TAUARI;https://tropix.cirad.fr/FichiersComplementaires/FR/Amerique/TAUARI%202024.pdf;2024
Amérique Centrale et du Sud;TECK;https://tropix.cirad.fr/FichiersComplementaires/FR/Amerique/TECK%202023.pdf;2023
Amérique Centrale et du Sud;TENTO;https://tropix.cirad.fr/FichiersComplementaires/FR/Amerique/TENTO%202024.pdf;2024
Amérique Centrale et du Sud;TIMBORANA;https://tropix.cirad.fr/FichiersComplementaires/FR/Amerique/TIMBORANA%202024.pdf;2024
Amérique Centrale et du Sud;TORNILLO;https://tropix.cirad.fr/FichiersComplementaires/FR/Amerique/TORNILLO%202024.pdf;2024
Amérique Centrale et du Sud;UCHY;https://tropix.cirad.fr/FichiersComplementaires/FR/Amerique/UCHY%202024.pdf;2024
Amérique Centrale et du Sud;VIROLA;https://tropix.cirad.fr/FichiersComplementaires/FR/Amerique/VIROLA%202024.pdf;2024
Amérique Centrale et du Sud;WACAPOU;https://tropix.cirad.fr/FichiersComplementaires/FR/Amerique/WACAPOU%202024.pdf;2024
Amérique Centrale et du Sud;WALLABA;https://tropix.cirad.fr/FichiersComplementaires/FR/Amerique/WALLABA%202024.pdf;2024
Amérique Centrale et du Sud;WAMARA;https://tropix.cirad.fr/FichiersComplementaires/FR/Amerique/WAMARA%202024.pdf;2024
Asie et Océanie;ACACIA MANGIUM;https://tropix.cirad.fr/FichiersComplementaires/FR/Asie/ACACIA%20MANGIUM%202024.pdf;2024
Asie et Océanie;ALAN ALAN-BATU;https://tropix.cirad.fr/FichiersComplementaires/FR/Asie/ALAN%20ALAN-BATU%202024.pdf;2024
Asie et Océanie;ALMON;https://tropix.cirad.fr/FichiersComplementaires/FR/Asie/ALMON%202024.pdf;2024
Asie et Océanie;BALAU RED;https://tropix.cirad.fr/FichiersComplementaires/FR/Asie/BALAU%20RED%202024.pdf;2024
Asie et Océanie;BANGKIRAI;https://tropix.cirad.fr/FichiersComplementaires/FR/Asie/BANGKIRAI%202024.pdf;2024
Asie et Océanie;BILLIAN;https://tropix.cirad.fr/FichiersComplementaires/FR/Asie/BILLIAN%202024.pdf;2024
Asie et Océanie;BINTANGOR;https://tropix.cirad.fr/FichiersComplementaires/FR/Asie/BINTANGOR%202024.pdf;2024
Asie et Océanie;BITIS;https://tropix.cirad.fr/FichiersComplementaires/FR/Asie/BITIS%202024.pdf;2024
Asie et Océanie;BUNGUR;https://tropix.cirad.fr/FichiersComplementaires/FR/Asie/BUNGUR%202024.pdf;2024
Asie et Océanie;CHENGAL;https://tropix.cirad.fr/FichiersComplementaires/FR/Asie/CHENGAL%202024.pdf;2024
Asie et Océanie;COCOTIER;https://tropix.cirad.fr/FichiersComplementaires/FR/Asie/COCOTIER%202024.pdf;2024
Asie et Océanie;CRYPTOMERIA;https://tropix.cirad.fr/FichiersComplementaires/FR/Asie/CRYPTOMERIA%202024.pdf;2024
Asie et Océanie;DUABANGA;https://tropix.cirad.fr/FichiersComplementaires/FR/Asie/DUABANGA%202024.pdf;2024
Asie et Océanie;DURIAN;https://tropix.cirad.fr/FichiersComplementaires/FR/Asie/DURIAN%202024.pdf;2024
Asie et Océanie;EBÈNE NOIRE D'ASIE;https://tropix.cirad.fr/FichiersComplementaires/FR/Asie/EB%C3%88NE%20NOIRE%20D%27ASIE%202024.pdf;2024
Asie et Océanie;EBÈNE VEINÉE D'ASIE;https://tropix.cirad.fr/FichiersComplementaires/FR/Asie/EB%C3%88NE%20VEIN%C3%89E%20D%27ASIE%202024.pdf;2024
Asie et Océanie;GERONGGANG;https://tropix.cirad.fr/FichiersComplementaires/FR/Asie/GERONGGANG%202024.pdf;2024
Asie et Océanie;GERUTU;https://tropix.cirad.fr/FichiersComplementaires/FR/Asie/GERUTU%202024.pdf;2024
Asie et Océanie;GIAM;https://tropix.cirad.fr/FichiersComplementaires/FR/Asie/GIAM%202024.pdf;2024
Asie et Océanie;HALDU;https://tropix.cirad.fr/FichiersComplementaires/FR/Asie/HALDU%202024.pdf;2024
Asie et Océanie;HÉVÉA;https://tropix.cirad.fr/FichiersComplementaires/FR/Asie/H%C3%89V%C3%89A%202024.pdf;2024
Asie et Océanie;JARRAH;https://tropix.cirad.fr/FichiersComplementaires/FR/Asie/JARRAH%202024.pdf;2024
Asie et Océanie;JELUTONG;https://tropix.cirad.fr/FichiersComplementaires/FR/Asie/JELUTONG%202024.pdf;2024
Asie et Océanie;KAPUR;https://tropix.cirad.fr/FichiersComplementaires/FR/Asie/KAPUR%202024.pdf;2024
Asie et Océanie;KARRI;https://tropix.cirad.fr/FichiersComplementaires/FR/Asie/KARRI%202024.pdf;2024
Asie et Océanie;KASAI;https://tropix.cirad.fr/FichiersComplementaires/FR/Asie/KASAI%202024.pdf;2024
Asie et Océanie;KAURI;https://tropix.cirad.fr/FichiersComplementaires/FR/Asie/KAURI%202024.pdf;2024
Asie et Océanie;KEDONDONG;https://tropix.cirad.fr/FichiersComplementaires/FR/Asie/KEDONDONG%202024.pdf;2024
Asie et Océanie;KELAT;https://tropix.cirad.fr/FichiersComplementaires/FR/Asie/KELAT%202024.pdf;2024
Asie et Océanie;KELEDANG;https://tropix.cirad.fr/FichiersComplementaires/FR/Asie/KELEDANG%202024.pdf;2024
Asie et Océanie;KEMBANG SEMANGKOK;https://tropix.cirad.fr/FichiersComplementaires/FR/Asie/KEMBANG%20SEMANGKOK%202024.pdf;2024
Asie et Océanie;KEMPAS;https://tropix.cirad.fr/FichiersComplementaires/FR/Asie/KEMPAS%202024.pdf;2024
Asie et Océanie;KERANJI;https://tropix.cirad.fr/FichiersComplementaires/FR/Asie/KERANJI%202024.pdf;2024
Asie et Océanie;KERUING;https://tropix.cirad.fr/FichiersComplementaires/FR/Asie/KERUING%202024.pdf;2024
Asie et Océanie;LAUAN RED;https://tropix.cirad.fr/FichiersComplementaires/FR/Asie/LAUAN%20RED%202024.pdf;2024
Asie et Océanie;MANGO MACHANG;https://tropix.cirad.fr/FichiersComplementaires/FR/Asie/MANGO%20MACHANG%202024.pdf;2024
Asie et Océanie;MENGKULANG;https://tropix.cirad.fr/FichiersComplementaires/FR/Asie/MENGKULANG%202024.pdf;2024
Asie et Océanie;MERANTI DARK RED;https://tropix.cirad.fr/FichiersComplementaires/FR/Asie/MERANTI%20DARK%20RED%202024.pdf;2024
Asie et Océanie;MERANTI LIGHT RED;https://tropix.cirad.fr/FichiersComplementaires/FR/Asie/MERANTI%20LIGHT%20RED%202024.pdf;2024
Asie et Océanie;MERANTI WHITE;https://tropix.cirad.fr/FichiersComplementaires/FR/Asie/MERANTI%20WHITE%202024.pdf;2024
Asie et Océanie;MERANTI YELLOW;https://tropix.cirad.fr/FichiersComplementaires/FR/Asie/MERANTI%20YELLOW%202024.pdf;2024
Asie et Océanie;MERAWAN;https://tropix.cirad.fr/FichiersComplementaires/FR/Asie/MERAWAN%202024.pdf;2024
Asie et Océanie;MERBAU;https://tropix.cirad.fr/FichiersComplementaires/FR/Asie/MERBAU%202024.pdf;2024
Asie et Océanie;MERPAUH;https://tropix.cirad.fr/FichiersComplementaires/FR/Asie/MERPAUH%202024.pdf;2024
Asie et Océanie;MERSAWA;https://tropix.cirad.fr/FichiersComplementaires/FR/Asie/MERSAWA%202024.pdf;2024
Asie et Océanie;NYATOH;https://tropix.cirad.fr/FichiersComplementaires/FR/Asie/NYATOH%202024.pdf;2024
Asie et Océanie;PADAUK AMBOINA;https://tropix.cirad.fr/FichiersComplementaires/FR/Asie/PADAUK%20AMBOINA%202024.pdf;2024
Asie et Océanie;PERUPOK;https://tropix.cirad.fr/FichiersComplementaires/FR/Asie/PERUPOK%202024.pdf;2024
Asie et Océanie;PIN DES CARAÏBES;https://tropix.cirad.fr/FichiersComplementaires/FR/Asie/PIN%20DES%20CARA%C3%8FBES%202024.pdf;2024
Asie et Océanie;PINUS KESIYA;https://tropix.cirad.fr/FichiersComplementaires/FR/Asie/PINUS%20KESIYA%202024.pdf;2024
Asie et Océanie;PINUS MERKUSII;https://tropix.cirad.fr/FichiersComplementaires/FR/Asie/PINUS%20MERKUSII%202024.pdf;2024
Asie et Océanie;PULAI;https://tropix.cirad.fr/FichiersComplementaires/FR/Asie/PULAI%202024.pdf;2024
Asie et Océanie;PUNAH;https://tropix.cirad.fr/FichiersComplementaires/FR/Asie/PUNAH%202024.pdf;2024
Asie et Océanie;PYINKADO;https://tropix.cirad.fr/FichiersComplementaires/FR/Asie/PYINKADO%202024.pdf;2024
Asie et Océanie;RAMIN;https://tropix.cirad.fr/FichiersComplementaires/FR/Asie/RAMIN%202024.pdf;2024
Asie et Océanie;RED GRANDIS;https://tropix.cirad.fr/FichiersComplementaires/FR/Asie/RED%20GRANDIS%202023.pdf;2023
Asie et Océanie;RENGAS;https://tropix.cirad.fr/FichiersComplementaires/FR/Asie/RENGAS%202024.pdf;2024
Asie et Océanie;RESAK;https://tropix.cirad.fr/FichiersComplementaires/FR/Asie/RESAK%202024.pdf;2024
Asie et Océanie;ROSEWOOD, SONOKELING;https://tropix.cirad.fr/FichiersComplementaires/FR/Asie/ROSEWOOD%2C%20SONOKELING%202024.pdf;2024
Asie et Océanie;ROSEWOOD, TAMALAN;https://tropix.cirad.fr/FichiersComplementaires/FR/Asie/ROSEWOOD%2C%20TAMALAN%202024.pdf;2024
Asie et Océanie;SATIN, CEYLON;https://tropix.cirad.fr/FichiersComplementaires/FR/Asie/SATIN%2C%20CEYLON%202024.pdf;2024
Asie et Océanie;SEPETIR;https://tropix.cirad.fr/FichiersComplementaires/FR/Asie/SEPETIR%202024.pdf;2024
Asie et Océanie;SERAYA WHITE;https://tropix.cirad.fr/FichiersComplementaires/FR/Asie/SERAYA%20WHITE%202024.pdf;2024
Asie et Océanie;SESENDOK;https://tropix.cirad.fr/FichiersComplementaires/FR/Asie/SESENDOK%202024.pdf;2024
Asie et Océanie;SIMPOH;https://tropix.cirad.fr/FichiersComplementaires/FR/Asie/SIMPOH%202024.pdf;2024
Asie et Océanie;SUREN;https://tropix.cirad.fr/FichiersComplementaires/FR/Asie/SUREN%202024.pdf;2024
Asie et Océanie;TASMANIAN OAK;https://tropix.cirad.fr/FichiersComplementaires/FR/Asie/TASMANIAN%20OAK%202024.pdf;2024
Asie et Océanie;TECK;https://tropix.cirad.fr/FichiersComplementaires/FR/Asie/TECK%202023.pdf;2023
Asie et Océanie;YEMANE;https://tropix.cirad.fr/FichiersComplementaires/FR/Asie/YEMANE%202024.pdf;2024
Zones tempérées;CEDRE;https://tropix.cirad.fr/FichiersComplementaires/FR/Temperees/CEDRE.pdf;N/A
Zones tempérées;CHATAIGNIER;https://tropix.cirad.fr/FichiersComplementaires/FR/Temperees/CHATAIGNIER.pdf;N/A
Zones tempérées;CHÊNE;https://tropix.cirad.fr/FichiersComplementaires/FR/Temperees/CH%C3%8ANE%202023.pdf;2023
Zones tempérées;DOUGLAS;https://tropix.cirad.fr/FichiersComplementaires/FR/Temperees/DOUGLAS%202023.pdf;2023
Zones tempérées;EPICEA;https://tropix.cirad.fr/FichiersComplementaires/FR/Temperees/EPICEA.pdf;N/A
Zones tempérées;ERABLE SYCOMORE;https://tropix.cirad.fr/FichiersComplementaires/FR/Temperees/ERABLE%20SYCOMORE.pdf;N/A
Zones tempérées;FRENE;https://tropix.cirad.fr/FichiersComplementaires/FR/Temperees/FRENE.pdf;N/A
Zones tempérées;HÊTRE;https://tropix.cirad.fr/FichiersComplementaires/FR/Temperees/H%C3%8ATRE%202023.pdf;2023
Zones tempérées;MELEZE;https://tropix.cirad.fr/FichiersComplementaires/FR/Temperees/MELEZE.pdf;N/A
Zones tempérées;MERISIER;https://tropix.cirad.fr/FichiersComplementaires/FR/Temperees/MERISIER.pdf;N/A
Zones tempérées;NOYER;https://tropix.cirad.fr/FichiersComplementaires/FR/Temperees/NOYER%202024.pdf;2024
Zones tempérées;PEUPLIER;https://tropix.cirad.fr/FichiersComplementaires/FR/Temperees/PEUPLIER%202023.pdf;2023
Zones tempérées;PIN MARITIME;https://tropix.cirad.fr/FichiersComplementaires/FR/Temperees/PIN%20MARITIME%202024.pdf;2024
Zones tempérées;PIN RADIATA DE PLANTATION EUROPÉEN;https://tropix.cirad.fr/FichiersComplementaires/FR/Temperees/PIN%20RADIATA%20DE%20PLANTATION%20EUROP%C3%89EN%202024.pdf;2024
Zones tempérées;PIN SYLVESTRE;https://tropix.cirad.fr/FichiersComplementaires/FR/Temperees/PIN%20SYLVESTRE%202024.pdf;2024
Zones tempérées;PIN À CROCHETS;https://tropix.cirad.fr/FichiersComplementaires/FR/Temperees/PIN%20%C3%80%20CROCHETS%202023.pdf;2023
Zones tempérées;ROBINIER;https://tropix.cirad.fr/FichiersComplementaires/FR/Temperees/ROBINIER%202024.pdf;2024
Zones tempérées;SAPIN;https://tropix.cirad.fr/FichiersComplementaires/FR/Temperees/SAPIN%202023.pdf;2023
Zones tempérées;WESTERN RED CEDAR;https://tropix.cirad.fr/FichiersComplementaires/FR/Temperees/WESTERN%20RED%20CEDAR.pdf;N/A